Index,ID,Address label,Whitelist,Coin,Address_Metamask,Network,Memo,Address origin
1,1,0001_eth_arbitrum,,eth,0x87D25f2A8cfABa06bA60bE911DA3401604531229,arbitrum,,MetaMask
2,2,0002_eth_arbitrum,,eth,0x20BE2a74d3cECdD5dC192F813B3C1365A0896b4A,arbitrum,,MetaMask
3,3,0003_eth_arbitrum,,eth,0x5842b90d5Ba4a545E5c41E1689089367953C987b,arbitrum,,MetaMask
4,4,0004_eth_arbitrum,,eth,0xf1522aa4390f57fC3C9C309dD1388882cF4c0216,arbitrum,,MetaMask
5,5,0005_eth_arbitrum,,eth,0x6EC2509b69c0015046BbbEBA8a1C55A522A810Dd,arbitrum,,MetaMask
6,6,0006_eth_arbitrum,,eth,0x4bB2F63a562eC44Bba554380205A183d47E683a3,arbitrum,,MetaMask
7,7,0007_eth_arbitrum,,eth,0x3238f3d0Aa88d79AE05Ed8d236cf186cDe03426f,arbitrum,,MetaMask
8,8,0008_eth_arbitrum,,eth,0xe1d17ddc2d3F246fC9DB516b8f1A2C17a020762e,arbitrum,,MetaMask
9,9,0009_eth_arbitrum,,eth,0xAE9fa765B261f8518aCABf461Fc1b3fB96279a0b,arbitrum,,MetaMask
10,10,0010_eth_arbitrum,,eth,0x71a6dFe3aE69C4933B9107895148F8A1F19C1C8D,arbitrum,,MetaMask
11,11,0011_eth_arbitrum,,eth,0x2A1291F774D8feEdCC557115bf463c42A851f102,arbitrum,,MetaMask
12,12,0012_eth_arbitrum,,eth,0xf7735390B9370fE6b585dB42dec7c5B8fa598577,arbitrum,,MetaMask
13,13,0013_eth_arbitrum,,eth,0x5dA9Cf6768113bA85C3Bd0DF6a636319D304C3fA,arbitrum,,MetaMask
14,14,0014_eth_arbitrum,,eth,0xDBc5afFbD74a06fCc600e354A05FF3E719cE5393,arbitrum,,MetaMask
15,15,0015_eth_arbitrum,,eth,0x252F5CD31D47d5A4819E69Ddb3048ce400E88d53,arbitrum,,MetaMask
16,16,0016_eth_arbitrum,,eth,0x7e22B240237dCa06E05097c3c2eaA9264a905765,arbitrum,,MetaMask
17,17,0017_eth_arbitrum,,eth,0xcCFCe2589ad1Dd94e8a2ebd4F1f636b15BEB6851,arbitrum,,MetaMask
18,18,0018_eth_arbitrum,,eth,0xd280418758f45881b9b00f1ccC9a183c6e05d85f,arbitrum,,MetaMask
19,19,0019_eth_arbitrum,,eth,0x914Aa322D0DDbF8646E154b58788a21170Bef01E,arbitrum,,MetaMask
20,20,0020_eth_arbitrum,,eth,0x86059dB6605a1c5F32A26f0861aA8a05F5F0eee2,arbitrum,,MetaMask
21,21,0021_eth_arbitrum,,eth,0x8CFADd0bF6b57B3ec262751f87aAed0504e5D85F,arbitrum,,MetaMask
22,22,0022_eth_arbitrum,,eth,0x3e7Bf8D2AC2D68E188eF60e1C203067C38F53c5B,arbitrum,,MetaMask
23,23,0023_eth_arbitrum,,eth,0x3ddd3781f5D44CA92249Dea9576538b57e100f9C,arbitrum,,MetaMask
24,24,0024_eth_arbitrum,,eth,0x42bBFf96B0FAD436Fb4063ff00ec613A73aCf0DE,arbitrum,,MetaMask
25,25,0025_eth_arbitrum,,eth,0x733552ac8391AEE0786A4F310e411b914778f84f,arbitrum,,MetaMask
26,26,0026_eth_arbitrum,,eth,0xC5DA8Bc3424a0284EfF380135a82c9E99EA1533D,arbitrum,,MetaMask
27,27,0027_eth_arbitrum,,eth,0x69A9C5218dA8dA5D55aaB8bc298e28c070BA06f9,arbitrum,,MetaMask
28,28,0028_eth_arbitrum,,eth,0xb20352472a7C2E56E521Bc3b5b5EC4fa46574606,arbitrum,,MetaMask
29,29,0029_eth_arbitrum,,eth,0x3Ebf6637A9A5fe5116106B8cAEB323ad7D9d59E0,arbitrum,,MetaMask
30,30,0030_eth_arbitrum,,eth,0x4befFE2Db7b856e97cef7A27dA66555C4Fb163c8,arbitrum,,MetaMask
31,31,0031_eth_arbitrum,,eth,0xa5EBbd10934878660F804B5cFAbcf8Ddc699DB00,arbitrum,,MetaMask
32,32,0032_eth_arbitrum,,eth,0x44B66ab547a283BaC81D3950EEA4BC365809df26,arbitrum,,MetaMask
33,33,0033_eth_arbitrum,,eth,0xd39Ab28f0D6336Ca225A3cDeb7f0c74a8A9c3A85,arbitrum,,MetaMask
34,34,0034_eth_arbitrum,,eth,0xfAFe89a9402ef64438679Af1f725c258593Fce62,arbitrum,,MetaMask
35,35,0035_eth_arbitrum,,eth,0x2030175A286992Df646C2d94014d0D3f2a70Ab25,arbitrum,,MetaMask
36,36,0036_eth_arbitrum,,eth,0x5666312CDF2BB88498Caf778514f5DfB471B7AD2,arbitrum,,MetaMask
37,37,0037_eth_arbitrum,,eth,0x855807e15EB0bBD67844f25296Cb475518d1d105,arbitrum,,MetaMask
38,38,0038_eth_arbitrum,,eth,0x5aAF6a1596518E6395c7CE6E85D78540dcBa0672,arbitrum,,MetaMask
39,39,0039_eth_arbitrum,,eth,0xFDf7298003016Dd459C2a3B8F6C3f0365BdCC7d5,arbitrum,,MetaMask
40,40,0040_eth_arbitrum,,eth,0xdCf4D67a51cfA8e1f9B539D5f0DE1e032B5f54ec,arbitrum,,MetaMask
41,41,0041_eth_arbitrum,,eth,0xA49188fa9F357c20044a8800D25BE412642153fe,arbitrum,,MetaMask
42,42,0042_eth_arbitrum,,eth,0x777C2DF06607d4A34eDAFf4E451bCb9c5A5440Ea,arbitrum,,MetaMask
43,43,0043_eth_arbitrum,,eth,0x7d2811b9207fC9c2C4DEBeF93Cd2CC56749382B2,arbitrum,,MetaMask
44,44,0044_eth_arbitrum,,eth,0x690DAd38D0722BD90569fb817335b7E92B4D339e,arbitrum,,MetaMask
45,45,0045_eth_arbitrum,,eth,0xE2CAb05649FB4DdA8D5C7a32A49aFC7987FE01fa,arbitrum,,MetaMask
46,46,0046_eth_arbitrum,,eth,0x77582296bc14becadb925C74780126949229146f,arbitrum,,MetaMask
47,47,0047_eth_arbitrum,,eth,0x5c211bE126F1A3f972787f00b2694a84AF56ec5b,arbitrum,,MetaMask
48,48,0048_eth_arbitrum,,eth,0x3D55eE422B73460e71999aF524Ffe94a5dD46934,arbitrum,,MetaMask
49,49,0049_eth_arbitrum,,eth,0x8A1F2c8a76F6f4837B5A1485e1fd6C09F0c44aA8,arbitrum,,MetaMask
50,50,0050_eth_arbitrum,,eth,0x43bE0e2713D6A2525ebF9a4Eb429af9A0f2a77D7,arbitrum,,MetaMask
51,51,0051_eth_arbitrum,,eth,0xf4fe3515ABAD4b400f2135640dC31B5feA777978,arbitrum,,MetaMask
52,52,0052_eth_arbitrum,,eth,0xc2c2109DB2B535E2adf62028FBAD740515DCD2EE,arbitrum,,MetaMask
53,53,0053_eth_arbitrum,,eth,0xD5310C8e1aCce0daD2A85490ebd4bf06420E3140,arbitrum,,MetaMask
54,54,0054_eth_arbitrum,,eth,0x2130560405656CE3baad1FA8056C2554883b7b92,arbitrum,,MetaMask
55,55,0055_eth_arbitrum,,eth,0xEA37704Be7bC4575B111BD92796Fe02C2088D5EB,arbitrum,,MetaMask
56,56,0056_eth_arbitrum,,eth,0xd2370390764839008021E95C70C80769AcfFF4A9,arbitrum,,MetaMask
57,57,0057_eth_arbitrum,,eth,0x2d5997Cd1f7Dab6cD9a3b6246Daa55D544a0Fcd6,arbitrum,,MetaMask
58,58,0058_eth_arbitrum,,eth,0x373a7Cdc04ca76Fc681De9365dD802A24BE725ab,arbitrum,,MetaMask
59,59,0059_eth_arbitrum,,eth,0x5C7F4b0dF3c2eBC9293ADD99E8598A8Aa173B168,arbitrum,,MetaMask
60,60,0060_eth_arbitrum,,eth,0x30bD92f4B8902a0Bf36B477430442504365E3f77,arbitrum,,MetaMask
61,61,0061_eth_arbitrum,,eth,0xC0497A20Dde150c20922231bB6bcB56cc41B7C62,arbitrum,,MetaMask
62,62,0062_eth_arbitrum,,eth,0x524B9Cd256668f02aC246F62Dc1E9143159D0b85,arbitrum,,MetaMask
63,63,0063_eth_arbitrum,,eth,0xE45d66c5900bcd5059666DA0CE1F977faaFb69d5,arbitrum,,MetaMask
64,64,0064_eth_arbitrum,,eth,0x8291f302189283B0C0E4c78B340070a8d748DdD9,arbitrum,,MetaMask
65,65,0065_eth_arbitrum,,eth,0xBaDDBaED3b19F6ca4778bE9580b8d12c1FCf25Ea,arbitrum,,MetaMask
66,66,0066_eth_arbitrum,,eth,0xD5D84B783286225083200c0FD2e819e0d600e2F7,arbitrum,,MetaMask
67,67,0067_eth_arbitrum,,eth,0xb485a94D6Af76898707B3aa7805c189C7825Ed49,arbitrum,,MetaMask
68,68,0068_eth_arbitrum,,eth,0x0DE0b32e0a731A04B369A472b21313e05F5CD50B,arbitrum,,MetaMask
69,69,0069_eth_arbitrum,,eth,0x8811bc7f71b08624f2f9F49A4De9bb55BBb08b7A,arbitrum,,MetaMask
70,70,0070_eth_arbitrum,,eth,0x7F642c381294ba786dd2fF22cdC64314eB5A7e5F,arbitrum,,MetaMask
71,71,0071_eth_arbitrum,,eth,0x489Eb2CD8495Ca4588EADd5fE485F96Ed20dba40,arbitrum,,MetaMask
72,72,0072_eth_arbitrum,,eth,0x82b4cED262f5C554429D33821B494E9db3620361,arbitrum,,MetaMask
73,73,0073_eth_arbitrum,,eth,0x8872D0aC7948A389b8900d84ce527A865678ed8c,arbitrum,,MetaMask
74,74,0074_eth_arbitrum,,eth,0x1216620d91BA5341c6F7A20e62F9a690606c49AA,arbitrum,,MetaMask
75,75,0075_eth_arbitrum,,eth,0xB6161D0a9c4acc1b4b5f3e633377188ac2D4715B,arbitrum,,MetaMask
76,76,0076_eth_arbitrum,,eth,0x614F7041f87ed7c1c9d8893Fa9f0169d32e5cbD2,arbitrum,,MetaMask
77,77,0077_eth_arbitrum,,eth,0xA25f9F214Ce7606FfdcC6874de2cc57daFB917Ac,arbitrum,,MetaMask
78,78,0078_eth_arbitrum,,eth,0xFbf466b4e11a272f7E78BfC41Ee603B7ed3A7627,arbitrum,,MetaMask
79,79,0079_eth_arbitrum,,eth,0x0D5621C55572F5db847d529BdFab1887FAcEc138,arbitrum,,MetaMask
80,80,0080_eth_arbitrum,,eth,0xF0A49c0898551F3B493ca5A2adFe3EE6C6ad5DC3,arbitrum,,MetaMask
81,81,0081_eth_arbitrum,,eth,0xbBC5c5B8ed370e280702EB641567E5E59525618C,arbitrum,,MetaMask
82,82,0082_eth_arbitrum,,eth,0xD073C173B36e1cEAFf2CfEf3656238e200f468d9,arbitrum,,MetaMask
83,83,0083_eth_arbitrum,,eth,0x302bB50e2E70c42045816F97928F84412d51Bd78,arbitrum,,MetaMask
84,84,0084_eth_arbitrum,,eth,0xd87ed41e20944FbF043e59f3D444a326698d08B9,arbitrum,,MetaMask
85,85,0085_eth_arbitrum,,eth,0x3D8E17f7D0aACDe44dB79bb611f1a237549c5514,arbitrum,,MetaMask
86,86,0086_eth_arbitrum,,eth,0xDE7275731fB9cCdd0FEC699428Eaaa912A0bB64b,arbitrum,,MetaMask
87,87,0087_eth_arbitrum,,eth,0x0B5b17E7D78C64B20E5e22a2740Ee93d6A5081BA,arbitrum,,MetaMask
88,88,0088_eth_arbitrum,,eth,0x7A2ec24A1768d8379Dfe7Bcf3082aF94B9e9C917,arbitrum,,MetaMask
89,89,0089_eth_arbitrum,,eth,0x13d828FE96C81B6A14a5D42827064E51AFe7437D,arbitrum,,MetaMask
90,90,0090_eth_arbitrum,,eth,0x3A27baEBDC966f6b683e1a6f53d155278b8cBEA2,arbitrum,,MetaMask
91,91,0091_eth_arbitrum,,eth,0x374A1Bf5F4A49E4561ebC4bB6a93192aec4776BD,arbitrum,,MetaMask
92,92,0092_eth_arbitrum,,eth,0xDE58FD6B98FdAfC97d4b33E19026ddD380919941,arbitrum,,MetaMask
93,93,0093_eth_arbitrum,,eth,0x578E5cF9C646D62e84926479Cfb30051054Ed1ba,arbitrum,,MetaMask
94,94,0094_eth_arbitrum,,eth,0x5FfD3453259477B3404881bc3A818f03108aD8f8,arbitrum,,MetaMask
95,95,0095_eth_arbitrum,,eth,0x97D8210256568C14070413Cff132696Af9a14c42,arbitrum,,MetaMask
96,96,0096_eth_arbitrum,,eth,0xD7cA92a00aF69A545BFe42E0f894fDb2Cf566e6F,arbitrum,,MetaMask
97,97,0097_eth_arbitrum,,eth,0x2656660bBa12bbfe9Fc6cfF931dCe30E187A3Cd0,arbitrum,,MetaMask
98,98,0098_eth_arbitrum,,eth,0x99AeE650a7Eb667B23E373aFE1C4c62C66A5C223,arbitrum,,MetaMask
99,99,0099_eth_arbitrum,,eth,0xC591B00878Dc02D32Babe43B594fb76F87C80C4B,arbitrum,,MetaMask
100,100,0100_eth_arbitrum,,eth,0x326CEeD683e43Cc24E62057D8449c320C48de552,arbitrum,,MetaMask
101,1,0001_matic_matic,,matic,0x87D25f2A8cfABa06bA60bE911DA3401604531229,matic,,MetaMask
102,2,0002_matic_matic,,matic,0x20BE2a74d3cECdD5dC192F813B3C1365A0896b4A,matic,,MetaMask
103,3,0003_matic_matic,,matic,0x5842b90d5Ba4a545E5c41E1689089367953C987b,matic,,MetaMask
104,4,0004_matic_matic,,matic,0xf1522aa4390f57fC3C9C309dD1388882cF4c0216,matic,,MetaMask
105,5,0005_matic_matic,,matic,0x6EC2509b69c0015046BbbEBA8a1C55A522A810Dd,matic,,MetaMask
106,6,0006_matic_matic,,matic,0x4bB2F63a562eC44Bba554380205A183d47E683a3,matic,,MetaMask
107,7,0007_matic_matic,,matic,0x3238f3d0Aa88d79AE05Ed8d236cf186cDe03426f,matic,,MetaMask
108,8,0008_matic_matic,,matic,0xe1d17ddc2d3F246fC9DB516b8f1A2C17a020762e,matic,,MetaMask
109,9,0009_matic_matic,,matic,0xAE9fa765B261f8518aCABf461Fc1b3fB96279a0b,matic,,MetaMask
110,10,0010_matic_matic,,matic,0x71a6dFe3aE69C4933B9107895148F8A1F19C1C8D,matic,,MetaMask
111,11,0011_matic_matic,,matic,0x2A1291F774D8feEdCC557115bf463c42A851f102,matic,,MetaMask
112,12,0012_matic_matic,,matic,0xf7735390B9370fE6b585dB42dec7c5B8fa598577,matic,,MetaMask
113,13,0013_matic_matic,,matic,0x5dA9Cf6768113bA85C3Bd0DF6a636319D304C3fA,matic,,MetaMask
114,14,0014_matic_matic,,matic,0xDBc5afFbD74a06fCc600e354A05FF3E719cE5393,matic,,MetaMask
115,15,0015_matic_matic,,matic,0x252F5CD31D47d5A4819E69Ddb3048ce400E88d53,matic,,MetaMask
116,16,0016_matic_matic,,matic,0x7e22B240237dCa06E05097c3c2eaA9264a905765,matic,,MetaMask
117,17,0017_matic_matic,,matic,0xcCFCe2589ad1Dd94e8a2ebd4F1f636b15BEB6851,matic,,MetaMask
118,18,0018_matic_matic,,matic,0xd280418758f45881b9b00f1ccC9a183c6e05d85f,matic,,MetaMask
119,19,0019_matic_matic,,matic,0x914Aa322D0DDbF8646E154b58788a21170Bef01E,matic,,MetaMask
120,20,0020_matic_matic,,matic,0x86059dB6605a1c5F32A26f0861aA8a05F5F0eee2,matic,,MetaMask
121,21,0021_matic_matic,,matic,0x8CFADd0bF6b57B3ec262751f87aAed0504e5D85F,matic,,MetaMask
122,22,0022_matic_matic,,matic,0x3e7Bf8D2AC2D68E188eF60e1C203067C38F53c5B,matic,,MetaMask
123,23,0023_matic_matic,,matic,0x3ddd3781f5D44CA92249Dea9576538b57e100f9C,matic,,MetaMask
124,24,0024_matic_matic,,matic,0x42bBFf96B0FAD436Fb4063ff00ec613A73aCf0DE,matic,,MetaMask
125,25,0025_matic_matic,,matic,0x733552ac8391AEE0786A4F310e411b914778f84f,matic,,MetaMask
126,26,0026_matic_matic,,matic,0xC5DA8Bc3424a0284EfF380135a82c9E99EA1533D,matic,,MetaMask
127,27,0027_matic_matic,,matic,0x69A9C5218dA8dA5D55aaB8bc298e28c070BA06f9,matic,,MetaMask
128,28,0028_matic_matic,,matic,0xb20352472a7C2E56E521Bc3b5b5EC4fa46574606,matic,,MetaMask
129,29,0029_matic_matic,,matic,0x3Ebf6637A9A5fe5116106B8cAEB323ad7D9d59E0,matic,,MetaMask
130,30,0030_matic_matic,,matic,0x4befFE2Db7b856e97cef7A27dA66555C4Fb163c8,matic,,MetaMask
131,31,0031_matic_matic,,matic,0xa5EBbd10934878660F804B5cFAbcf8Ddc699DB00,matic,,MetaMask
132,32,0032_matic_matic,,matic,0x44B66ab547a283BaC81D3950EEA4BC365809df26,matic,,MetaMask
133,33,0033_matic_matic,,matic,0xd39Ab28f0D6336Ca225A3cDeb7f0c74a8A9c3A85,matic,,MetaMask
134,34,0034_matic_matic,,matic,0xfAFe89a9402ef64438679Af1f725c258593Fce62,matic,,MetaMask
135,35,0035_matic_matic,,matic,0x2030175A286992Df646C2d94014d0D3f2a70Ab25,matic,,MetaMask
136,36,0036_matic_matic,,matic,0x5666312CDF2BB88498Caf778514f5DfB471B7AD2,matic,,MetaMask
137,37,0037_matic_matic,,matic,0x855807e15EB0bBD67844f25296Cb475518d1d105,matic,,MetaMask
138,38,0038_matic_matic,,matic,0x5aAF6a1596518E6395c7CE6E85D78540dcBa0672,matic,,MetaMask
139,39,0039_matic_matic,,matic,0xFDf7298003016Dd459C2a3B8F6C3f0365BdCC7d5,matic,,MetaMask
140,40,0040_matic_matic,,matic,0xdCf4D67a51cfA8e1f9B539D5f0DE1e032B5f54ec,matic,,MetaMask
141,41,0041_matic_matic,,matic,0xA49188fa9F357c20044a8800D25BE412642153fe,matic,,MetaMask
142,42,0042_matic_matic,,matic,0x777C2DF06607d4A34eDAFf4E451bCb9c5A5440Ea,matic,,MetaMask
143,43,0043_matic_matic,,matic,0x7d2811b9207fC9c2C4DEBeF93Cd2CC56749382B2,matic,,MetaMask
144,44,0044_matic_matic,,matic,0x690DAd38D0722BD90569fb817335b7E92B4D339e,matic,,MetaMask
145,45,0045_matic_matic,,matic,0xE2CAb05649FB4DdA8D5C7a32A49aFC7987FE01fa,matic,,MetaMask
146,46,0046_matic_matic,,matic,0x77582296bc14becadb925C74780126949229146f,matic,,MetaMask
147,47,0047_matic_matic,,matic,0x5c211bE126F1A3f972787f00b2694a84AF56ec5b,matic,,MetaMask
148,48,0048_matic_matic,,matic,0x3D55eE422B73460e71999aF524Ffe94a5dD46934,matic,,MetaMask
149,49,0049_matic_matic,,matic,0x8A1F2c8a76F6f4837B5A1485e1fd6C09F0c44aA8,matic,,MetaMask
150,50,0050_matic_matic,,matic,0x43bE0e2713D6A2525ebF9a4Eb429af9A0f2a77D7,matic,,MetaMask
151,51,0051_matic_matic,,matic,0xf4fe3515ABAD4b400f2135640dC31B5feA777978,matic,,MetaMask
152,52,0052_matic_matic,,matic,0xc2c2109DB2B535E2adf62028FBAD740515DCD2EE,matic,,MetaMask
153,53,0053_matic_matic,,matic,0xD5310C8e1aCce0daD2A85490ebd4bf06420E3140,matic,,MetaMask
154,54,0054_matic_matic,,matic,0x2130560405656CE3baad1FA8056C2554883b7b92,matic,,MetaMask
155,55,0055_matic_matic,,matic,0xEA37704Be7bC4575B111BD92796Fe02C2088D5EB,matic,,MetaMask
156,56,0056_matic_matic,,matic,0xd2370390764839008021E95C70C80769AcfFF4A9,matic,,MetaMask
157,57,0057_matic_matic,,matic,0x2d5997Cd1f7Dab6cD9a3b6246Daa55D544a0Fcd6,matic,,MetaMask
158,58,0058_matic_matic,,matic,0x373a7Cdc04ca76Fc681De9365dD802A24BE725ab,matic,,MetaMask
159,59,0059_matic_matic,,matic,0x5C7F4b0dF3c2eBC9293ADD99E8598A8Aa173B168,matic,,MetaMask
160,60,0060_matic_matic,,matic,0x30bD92f4B8902a0Bf36B477430442504365E3f77,matic,,MetaMask
161,61,0061_matic_matic,,matic,0xC0497A20Dde150c20922231bB6bcB56cc41B7C62,matic,,MetaMask
162,62,0062_matic_matic,,matic,0x524B9Cd256668f02aC246F62Dc1E9143159D0b85,matic,,MetaMask
163,63,0063_matic_matic,,matic,0xE45d66c5900bcd5059666DA0CE1F977faaFb69d5,matic,,MetaMask
164,64,0064_matic_matic,,matic,0x8291f302189283B0C0E4c78B340070a8d748DdD9,matic,,MetaMask
165,65,0065_matic_matic,,matic,0xBaDDBaED3b19F6ca4778bE9580b8d12c1FCf25Ea,matic,,MetaMask
166,66,0066_matic_matic,,matic,0xD5D84B783286225083200c0FD2e819e0d600e2F7,matic,,MetaMask
167,67,0067_matic_matic,,matic,0xb485a94D6Af76898707B3aa7805c189C7825Ed49,matic,,MetaMask
168,68,0068_matic_matic,,matic,0x0DE0b32e0a731A04B369A472b21313e05F5CD50B,matic,,MetaMask
169,69,0069_matic_matic,,matic,0x8811bc7f71b08624f2f9F49A4De9bb55BBb08b7A,matic,,MetaMask
170,70,0070_matic_matic,,matic,0x7F642c381294ba786dd2fF22cdC64314eB5A7e5F,matic,,MetaMask
171,71,0071_matic_matic,,matic,0x489Eb2CD8495Ca4588EADd5fE485F96Ed20dba40,matic,,MetaMask
172,72,0072_matic_matic,,matic,0x82b4cED262f5C554429D33821B494E9db3620361,matic,,MetaMask
173,73,0073_matic_matic,,matic,0x8872D0aC7948A389b8900d84ce527A865678ed8c,matic,,MetaMask
174,74,0074_matic_matic,,matic,0x1216620d91BA5341c6F7A20e62F9a690606c49AA,matic,,MetaMask
175,75,0075_matic_matic,,matic,0xB6161D0a9c4acc1b4b5f3e633377188ac2D4715B,matic,,MetaMask
176,76,0076_matic_matic,,matic,0x614F7041f87ed7c1c9d8893Fa9f0169d32e5cbD2,matic,,MetaMask
177,77,0077_matic_matic,,matic,0xA25f9F214Ce7606FfdcC6874de2cc57daFB917Ac,matic,,MetaMask
178,78,0078_matic_matic,,matic,0xFbf466b4e11a272f7E78BfC41Ee603B7ed3A7627,matic,,MetaMask
179,79,0079_matic_matic,,matic,0x0D5621C55572F5db847d529BdFab1887FAcEc138,matic,,MetaMask
180,80,0080_matic_matic,,matic,0xF0A49c0898551F3B493ca5A2adFe3EE6C6ad5DC3,matic,,MetaMask
181,81,0081_matic_matic,,matic,0xbBC5c5B8ed370e280702EB641567E5E59525618C,matic,,MetaMask
182,82,0082_matic_matic,,matic,0xD073C173B36e1cEAFf2CfEf3656238e200f468d9,matic,,MetaMask
183,83,0083_matic_matic,,matic,0x302bB50e2E70c42045816F97928F84412d51Bd78,matic,,MetaMask
184,84,0084_matic_matic,,matic,0xd87ed41e20944FbF043e59f3D444a326698d08B9,matic,,MetaMask
185,85,0085_matic_matic,,matic,0x3D8E17f7D0aACDe44dB79bb611f1a237549c5514,matic,,MetaMask
186,86,0086_matic_matic,,matic,0xDE7275731fB9cCdd0FEC699428Eaaa912A0bB64b,matic,,MetaMask
187,87,0087_matic_matic,,matic,0x0B5b17E7D78C64B20E5e22a2740Ee93d6A5081BA,matic,,MetaMask
188,88,0088_matic_matic,,matic,0x7A2ec24A1768d8379Dfe7Bcf3082aF94B9e9C917,matic,,MetaMask
189,89,0089_matic_matic,,matic,0x13d828FE96C81B6A14a5D42827064E51AFe7437D,matic,,MetaMask
190,90,0090_matic_matic,,matic,0x3A27baEBDC966f6b683e1a6f53d155278b8cBEA2,matic,,MetaMask
191,91,0091_matic_matic,,matic,0x374A1Bf5F4A49E4561ebC4bB6a93192aec4776BD,matic,,MetaMask
192,92,0092_matic_matic,,matic,0xDE58FD6B98FdAfC97d4b33E19026ddD380919941,matic,,MetaMask
193,93,0093_matic_matic,,matic,0x578E5cF9C646D62e84926479Cfb30051054Ed1ba,matic,,MetaMask
194,94,0094_matic_matic,,matic,0x5FfD3453259477B3404881bc3A818f03108aD8f8,matic,,MetaMask
195,95,0095_matic_matic,,matic,0x97D8210256568C14070413Cff132696Af9a14c42,matic,,MetaMask
196,96,0096_matic_matic,,matic,0xD7cA92a00aF69A545BFe42E0f894fDb2Cf566e6F,matic,,MetaMask
197,97,0097_matic_matic,,matic,0x2656660bBa12bbfe9Fc6cfF931dCe30E187A3Cd0,matic,,MetaMask
198,98,0098_matic_matic,,matic,0x99AeE650a7Eb667B23E373aFE1C4c62C66A5C223,matic,,MetaMask
199,99,0099_matic_matic,,matic,0xC591B00878Dc02D32Babe43B594fb76F87C80C4B,matic,,MetaMask
200,100,0100_matic_matic,,matic,0x326CEeD683e43Cc24E62057D8449c320C48de552,matic,,MetaMask
201,1,0001_eth_eth,,eth,0x87D25f2A8cfABa06bA60bE911DA3401604531229,eth,,MetaMask
202,2,0002_eth_eth,,eth,0x20BE2a74d3cECdD5dC192F813B3C1365A0896b4A,eth,,MetaMask
203,3,0003_eth_eth,,eth,0x5842b90d5Ba4a545E5c41E1689089367953C987b,eth,,MetaMask
204,4,0004_eth_eth,,eth,0xf1522aa4390f57fC3C9C309dD1388882cF4c0216,eth,,MetaMask
205,5,0005_eth_eth,,eth,0x6EC2509b69c0015046BbbEBA8a1C55A522A810Dd,eth,,MetaMask
206,6,0006_eth_eth,,eth,0x4bB2F63a562eC44Bba554380205A183d47E683a3,eth,,MetaMask
207,7,0007_eth_eth,,eth,0x3238f3d0Aa88d79AE05Ed8d236cf186cDe03426f,eth,,MetaMask
208,8,0008_eth_eth,,eth,0xe1d17ddc2d3F246fC9DB516b8f1A2C17a020762e,eth,,MetaMask
209,9,0009_eth_eth,,eth,0xAE9fa765B261f8518aCABf461Fc1b3fB96279a0b,eth,,MetaMask
210,10,0010_eth_eth,,eth,0x71a6dFe3aE69C4933B9107895148F8A1F19C1C8D,eth,,MetaMask
211,11,0011_eth_eth,,eth,0x2A1291F774D8feEdCC557115bf463c42A851f102,eth,,MetaMask
212,12,0012_eth_eth,,eth,0xf7735390B9370fE6b585dB42dec7c5B8fa598577,eth,,MetaMask
213,13,0013_eth_eth,,eth,0x5dA9Cf6768113bA85C3Bd0DF6a636319D304C3fA,eth,,MetaMask
214,14,0014_eth_eth,,eth,0xDBc5afFbD74a06fCc600e354A05FF3E719cE5393,eth,,MetaMask
215,15,0015_eth_eth,,eth,0x252F5CD31D47d5A4819E69Ddb3048ce400E88d53,eth,,MetaMask
216,16,0016_eth_eth,,eth,0x7e22B240237dCa06E05097c3c2eaA9264a905765,eth,,MetaMask
217,17,0017_eth_eth,,eth,0xcCFCe2589ad1Dd94e8a2ebd4F1f636b15BEB6851,eth,,MetaMask
218,18,0018_eth_eth,,eth,0xd280418758f45881b9b00f1ccC9a183c6e05d85f,eth,,MetaMask
219,19,0019_eth_eth,,eth,0x914Aa322D0DDbF8646E154b58788a21170Bef01E,eth,,MetaMask
220,20,0020_eth_eth,,eth,0x86059dB6605a1c5F32A26f0861aA8a05F5F0eee2,eth,,MetaMask
221,21,0021_eth_eth,,eth,0x8CFADd0bF6b57B3ec262751f87aAed0504e5D85F,eth,,MetaMask
222,22,0022_eth_eth,,eth,0x3e7Bf8D2AC2D68E188eF60e1C203067C38F53c5B,eth,,MetaMask
223,23,0023_eth_eth,,eth,0x3ddd3781f5D44CA92249Dea9576538b57e100f9C,eth,,MetaMask
224,24,0024_eth_eth,,eth,0x42bBFf96B0FAD436Fb4063ff00ec613A73aCf0DE,eth,,MetaMask
225,25,0025_eth_eth,,eth,0x733552ac8391AEE0786A4F310e411b914778f84f,eth,,MetaMask
226,26,0026_eth_eth,,eth,0xC5DA8Bc3424a0284EfF380135a82c9E99EA1533D,eth,,MetaMask
227,27,0027_eth_eth,,eth,0x69A9C5218dA8dA5D55aaB8bc298e28c070BA06f9,eth,,MetaMask
228,28,0028_eth_eth,,eth,0xb20352472a7C2E56E521Bc3b5b5EC4fa46574606,eth,,MetaMask
229,29,0029_eth_eth,,eth,0x3Ebf6637A9A5fe5116106B8cAEB323ad7D9d59E0,eth,,MetaMask
230,30,0030_eth_eth,,eth,0x4befFE2Db7b856e97cef7A27dA66555C4Fb163c8,eth,,MetaMask
231,31,0031_eth_eth,,eth,0xa5EBbd10934878660F804B5cFAbcf8Ddc699DB00,eth,,MetaMask
232,32,0032_eth_eth,,eth,0x44B66ab547a283BaC81D3950EEA4BC365809df26,eth,,MetaMask
233,33,0033_eth_eth,,eth,0xd39Ab28f0D6336Ca225A3cDeb7f0c74a8A9c3A85,eth,,MetaMask
234,34,0034_eth_eth,,eth,0xfAFe89a9402ef64438679Af1f725c258593Fce62,eth,,MetaMask
235,35,0035_eth_eth,,eth,0x2030175A286992Df646C2d94014d0D3f2a70Ab25,eth,,MetaMask
236,36,0036_eth_eth,,eth,0x5666312CDF2BB88498Caf778514f5DfB471B7AD2,eth,,MetaMask
237,37,0037_eth_eth,,eth,0x855807e15EB0bBD67844f25296Cb475518d1d105,eth,,MetaMask
238,38,0038_eth_eth,,eth,0x5aAF6a1596518E6395c7CE6E85D78540dcBa0672,eth,,MetaMask
239,39,0039_eth_eth,,eth,0xFDf7298003016Dd459C2a3B8F6C3f0365BdCC7d5,eth,,MetaMask
240,40,0040_eth_eth,,eth,0xdCf4D67a51cfA8e1f9B539D5f0DE1e032B5f54ec,eth,,MetaMask
241,41,0041_eth_eth,,eth,0xA49188fa9F357c20044a8800D25BE412642153fe,eth,,MetaMask
242,42,0042_eth_eth,,eth,0x777C2DF06607d4A34eDAFf4E451bCb9c5A5440Ea,eth,,MetaMask
243,43,0043_eth_eth,,eth,0x7d2811b9207fC9c2C4DEBeF93Cd2CC56749382B2,eth,,MetaMask
244,44,0044_eth_eth,,eth,0x690DAd38D0722BD90569fb817335b7E92B4D339e,eth,,MetaMask
245,45,0045_eth_eth,,eth,0xE2CAb05649FB4DdA8D5C7a32A49aFC7987FE01fa,eth,,MetaMask
246,46,0046_eth_eth,,eth,0x77582296bc14becadb925C74780126949229146f,eth,,MetaMask
247,47,0047_eth_eth,,eth,0x5c211bE126F1A3f972787f00b2694a84AF56ec5b,eth,,MetaMask
248,48,0048_eth_eth,,eth,0x3D55eE422B73460e71999aF524Ffe94a5dD46934,eth,,MetaMask
249,49,0049_eth_eth,,eth,0x8A1F2c8a76F6f4837B5A1485e1fd6C09F0c44aA8,eth,,MetaMask
250,50,0050_eth_eth,,eth,0x43bE0e2713D6A2525ebF9a4Eb429af9A0f2a77D7,eth,,MetaMask
251,51,0051_eth_eth,,eth,0xf4fe3515ABAD4b400f2135640dC31B5feA777978,eth,,MetaMask
252,52,0052_eth_eth,,eth,0xc2c2109DB2B535E2adf62028FBAD740515DCD2EE,eth,,MetaMask
253,53,0053_eth_eth,,eth,0xD5310C8e1aCce0daD2A85490ebd4bf06420E3140,eth,,MetaMask
254,54,0054_eth_eth,,eth,0x2130560405656CE3baad1FA8056C2554883b7b92,eth,,MetaMask
255,55,0055_eth_eth,,eth,0xEA37704Be7bC4575B111BD92796Fe02C2088D5EB,eth,,MetaMask
256,56,0056_eth_eth,,eth,0xd2370390764839008021E95C70C80769AcfFF4A9,eth,,MetaMask
257,57,0057_eth_eth,,eth,0x2d5997Cd1f7Dab6cD9a3b6246Daa55D544a0Fcd6,eth,,MetaMask
258,58,0058_eth_eth,,eth,0x373a7Cdc04ca76Fc681De9365dD802A24BE725ab,eth,,MetaMask
259,59,0059_eth_eth,,eth,0x5C7F4b0dF3c2eBC9293ADD99E8598A8Aa173B168,eth,,MetaMask
260,60,0060_eth_eth,,eth,0x30bD92f4B8902a0Bf36B477430442504365E3f77,eth,,MetaMask
261,61,0061_eth_eth,,eth,0xC0497A20Dde150c20922231bB6bcB56cc41B7C62,eth,,MetaMask
262,62,0062_eth_eth,,eth,0x524B9Cd256668f02aC246F62Dc1E9143159D0b85,eth,,MetaMask
263,63,0063_eth_eth,,eth,0xE45d66c5900bcd5059666DA0CE1F977faaFb69d5,eth,,MetaMask
264,64,0064_eth_eth,,eth,0x8291f302189283B0C0E4c78B340070a8d748DdD9,eth,,MetaMask
265,65,0065_eth_eth,,eth,0xBaDDBaED3b19F6ca4778bE9580b8d12c1FCf25Ea,eth,,MetaMask
266,66,0066_eth_eth,,eth,0xD5D84B783286225083200c0FD2e819e0d600e2F7,eth,,MetaMask
267,67,0067_eth_eth,,eth,0xb485a94D6Af76898707B3aa7805c189C7825Ed49,eth,,MetaMask
268,68,0068_eth_eth,,eth,0x0DE0b32e0a731A04B369A472b21313e05F5CD50B,eth,,MetaMask
269,69,0069_eth_eth,,eth,0x8811bc7f71b08624f2f9F49A4De9bb55BBb08b7A,eth,,MetaMask
270,70,0070_eth_eth,,eth,0x7F642c381294ba786dd2fF22cdC64314eB5A7e5F,eth,,MetaMask
271,71,0071_eth_eth,,eth,0x489Eb2CD8495Ca4588EADd5fE485F96Ed20dba40,eth,,MetaMask
272,72,0072_eth_eth,,eth,0x82b4cED262f5C554429D33821B494E9db3620361,eth,,MetaMask
273,73,0073_eth_eth,,eth,0x8872D0aC7948A389b8900d84ce527A865678ed8c,eth,,MetaMask
274,74,0074_eth_eth,,eth,0x1216620d91BA5341c6F7A20e62F9a690606c49AA,eth,,MetaMask
275,75,0075_eth_eth,,eth,0xB6161D0a9c4acc1b4b5f3e633377188ac2D4715B,eth,,MetaMask
276,76,0076_eth_eth,,eth,0x614F7041f87ed7c1c9d8893Fa9f0169d32e5cbD2,eth,,MetaMask
277,77,0077_eth_eth,,eth,0xA25f9F214Ce7606FfdcC6874de2cc57daFB917Ac,eth,,MetaMask
278,78,0078_eth_eth,,eth,0xFbf466b4e11a272f7E78BfC41Ee603B7ed3A7627,eth,,MetaMask
279,79,0079_eth_eth,,eth,0x0D5621C55572F5db847d529BdFab1887FAcEc138,eth,,MetaMask
280,80,0080_eth_eth,,eth,0xF0A49c0898551F3B493ca5A2adFe3EE6C6ad5DC3,eth,,MetaMask
281,81,0081_eth_eth,,eth,0xbBC5c5B8ed370e280702EB641567E5E59525618C,eth,,MetaMask
282,82,0082_eth_eth,,eth,0xD073C173B36e1cEAFf2CfEf3656238e200f468d9,eth,,MetaMask
283,83,0083_eth_eth,,eth,0x302bB50e2E70c42045816F97928F84412d51Bd78,eth,,MetaMask
284,84,0084_eth_eth,,eth,0xd87ed41e20944FbF043e59f3D444a326698d08B9,eth,,MetaMask
285,85,0085_eth_eth,,eth,0x3D8E17f7D0aACDe44dB79bb611f1a237549c5514,eth,,MetaMask
286,86,0086_eth_eth,,eth,0xDE7275731fB9cCdd0FEC699428Eaaa912A0bB64b,eth,,MetaMask
287,87,0087_eth_eth,,eth,0x0B5b17E7D78C64B20E5e22a2740Ee93d6A5081BA,eth,,MetaMask
288,88,0088_eth_eth,,eth,0x7A2ec24A1768d8379Dfe7Bcf3082aF94B9e9C917,eth,,MetaMask
289,89,0089_eth_eth,,eth,0x13d828FE96C81B6A14a5D42827064E51AFe7437D,eth,,MetaMask
290,90,0090_eth_eth,,eth,0x3A27baEBDC966f6b683e1a6f53d155278b8cBEA2,eth,,MetaMask
291,91,0091_eth_eth,,eth,0x374A1Bf5F4A49E4561ebC4bB6a93192aec4776BD,eth,,MetaMask
292,92,0092_eth_eth,,eth,0xDE58FD6B98FdAfC97d4b33E19026ddD380919941,eth,,MetaMask
293,93,0093_eth_eth,,eth,0x578E5cF9C646D62e84926479Cfb30051054Ed1ba,eth,,MetaMask
294,94,0094_eth_eth,,eth,0x5FfD3453259477B3404881bc3A818f03108aD8f8,eth,,MetaMask
295,95,0095_eth_eth,,eth,0x97D8210256568C14070413Cff132696Af9a14c42,eth,,MetaMask
296,96,0096_eth_eth,,eth,0xD7cA92a00aF69A545BFe42E0f894fDb2Cf566e6F,eth,,MetaMask
297,97,0097_eth_eth,,eth,0x2656660bBa12bbfe9Fc6cfF931dCe30E187A3Cd0,eth,,MetaMask
298,98,0098_eth_eth,,eth,0x99AeE650a7Eb667B23E373aFE1C4c62C66A5C223,eth,,MetaMask
299,99,0099_eth_eth,,eth,0xC591B00878Dc02D32Babe43B594fb76F87C80C4B,eth,,MetaMask
300,100,0100_eth_eth,,eth,0x326CEeD683e43Cc24E62057D8449c320C48de552,eth,,MetaMask
301,1,0001_bnb_bsc,,bnb,0x87D25f2A8cfABa06bA60bE911DA3401604531229,bsc,,MetaMask
302,2,0002_bnb_bsc,,bnb,0x20BE2a74d3cECdD5dC192F813B3C1365A0896b4A,bsc,,MetaMask
303,3,0003_bnb_bsc,,bnb,0x5842b90d5Ba4a545E5c41E1689089367953C987b,bsc,,MetaMask
304,4,0004_bnb_bsc,,bnb,0xf1522aa4390f57fC3C9C309dD1388882cF4c0216,bsc,,MetaMask
305,5,0005_bnb_bsc,,bnb,0x6EC2509b69c0015046BbbEBA8a1C55A522A810Dd,bsc,,MetaMask
306,6,0006_bnb_bsc,,bnb,0x4bB2F63a562eC44Bba554380205A183d47E683a3,bsc,,MetaMask
307,7,0007_bnb_bsc,,bnb,0x3238f3d0Aa88d79AE05Ed8d236cf186cDe03426f,bsc,,MetaMask
308,8,0008_bnb_bsc,,bnb,0xe1d17ddc2d3F246fC9DB516b8f1A2C17a020762e,bsc,,MetaMask
309,9,0009_bnb_bsc,,bnb,0xAE9fa765B261f8518aCABf461Fc1b3fB96279a0b,bsc,,MetaMask
310,10,0010_bnb_bsc,,bnb,0x71a6dFe3aE69C4933B9107895148F8A1F19C1C8D,bsc,,MetaMask
311,11,0011_bnb_bsc,,bnb,0x2A1291F774D8feEdCC557115bf463c42A851f102,bsc,,MetaMask
312,12,0012_bnb_bsc,,bnb,0xf7735390B9370fE6b585dB42dec7c5B8fa598577,bsc,,MetaMask
313,13,0013_bnb_bsc,,bnb,0x5dA9Cf6768113bA85C3Bd0DF6a636319D304C3fA,bsc,,MetaMask
314,14,0014_bnb_bsc,,bnb,0xDBc5afFbD74a06fCc600e354A05FF3E719cE5393,bsc,,MetaMask
315,15,0015_bnb_bsc,,bnb,0x252F5CD31D47d5A4819E69Ddb3048ce400E88d53,bsc,,MetaMask
316,16,0016_bnb_bsc,,bnb,0x7e22B240237dCa06E05097c3c2eaA9264a905765,bsc,,MetaMask
317,17,0017_bnb_bsc,,bnb,0xcCFCe2589ad1Dd94e8a2ebd4F1f636b15BEB6851,bsc,,MetaMask
318,18,0018_bnb_bsc,,bnb,0xd280418758f45881b9b00f1ccC9a183c6e05d85f,bsc,,MetaMask
319,19,0019_bnb_bsc,,bnb,0x914Aa322D0DDbF8646E154b58788a21170Bef01E,bsc,,MetaMask
320,20,0020_bnb_bsc,,bnb,0x86059dB6605a1c5F32A26f0861aA8a05F5F0eee2,bsc,,MetaMask
321,21,0021_bnb_bsc,,bnb,0x8CFADd0bF6b57B3ec262751f87aAed0504e5D85F,bsc,,MetaMask
322,22,0022_bnb_bsc,,bnb,0x3e7Bf8D2AC2D68E188eF60e1C203067C38F53c5B,bsc,,MetaMask
323,23,0023_bnb_bsc,,bnb,0x3ddd3781f5D44CA92249Dea9576538b57e100f9C,bsc,,MetaMask
324,24,0024_bnb_bsc,,bnb,0x42bBFf96B0FAD436Fb4063ff00ec613A73aCf0DE,bsc,,MetaMask
325,25,0025_bnb_bsc,,bnb,0x733552ac8391AEE0786A4F310e411b914778f84f,bsc,,MetaMask
326,26,0026_bnb_bsc,,bnb,0xC5DA8Bc3424a0284EfF380135a82c9E99EA1533D,bsc,,MetaMask
327,27,0027_bnb_bsc,,bnb,0x69A9C5218dA8dA5D55aaB8bc298e28c070BA06f9,bsc,,MetaMask
328,28,0028_bnb_bsc,,bnb,0xb20352472a7C2E56E521Bc3b5b5EC4fa46574606,bsc,,MetaMask
329,29,0029_bnb_bsc,,bnb,0x3Ebf6637A9A5fe5116106B8cAEB323ad7D9d59E0,bsc,,MetaMask
330,30,0030_bnb_bsc,,bnb,0x4befFE2Db7b856e97cef7A27dA66555C4Fb163c8,bsc,,MetaMask
331,31,0031_bnb_bsc,,bnb,0xa5EBbd10934878660F804B5cFAbcf8Ddc699DB00,bsc,,MetaMask
332,32,0032_bnb_bsc,,bnb,0x44B66ab547a283BaC81D3950EEA4BC365809df26,bsc,,MetaMask
333,33,0033_bnb_bsc,,bnb,0xd39Ab28f0D6336Ca225A3cDeb7f0c74a8A9c3A85,bsc,,MetaMask
334,34,0034_bnb_bsc,,bnb,0xfAFe89a9402ef64438679Af1f725c258593Fce62,bsc,,MetaMask
335,35,0035_bnb_bsc,,bnb,0x2030175A286992Df646C2d94014d0D3f2a70Ab25,bsc,,MetaMask
336,36,0036_bnb_bsc,,bnb,0x5666312CDF2BB88498Caf778514f5DfB471B7AD2,bsc,,MetaMask
337,37,0037_bnb_bsc,,bnb,0x855807e15EB0bBD67844f25296Cb475518d1d105,bsc,,MetaMask
338,38,0038_bnb_bsc,,bnb,0x5aAF6a1596518E6395c7CE6E85D78540dcBa0672,bsc,,MetaMask
339,39,0039_bnb_bsc,,bnb,0xFDf7298003016Dd459C2a3B8F6C3f0365BdCC7d5,bsc,,MetaMask
340,40,0040_bnb_bsc,,bnb,0xdCf4D67a51cfA8e1f9B539D5f0DE1e032B5f54ec,bsc,,MetaMask
341,41,0041_bnb_bsc,,bnb,0xA49188fa9F357c20044a8800D25BE412642153fe,bsc,,MetaMask
342,42,0042_bnb_bsc,,bnb,0x777C2DF06607d4A34eDAFf4E451bCb9c5A5440Ea,bsc,,MetaMask
343,43,0043_bnb_bsc,,bnb,0x7d2811b9207fC9c2C4DEBeF93Cd2CC56749382B2,bsc,,MetaMask
344,44,0044_bnb_bsc,,bnb,0x690DAd38D0722BD90569fb817335b7E92B4D339e,bsc,,MetaMask
345,45,0045_bnb_bsc,,bnb,0xE2CAb05649FB4DdA8D5C7a32A49aFC7987FE01fa,bsc,,MetaMask
346,46,0046_bnb_bsc,,bnb,0x77582296bc14becadb925C74780126949229146f,bsc,,MetaMask
347,47,0047_bnb_bsc,,bnb,0x5c211bE126F1A3f972787f00b2694a84AF56ec5b,bsc,,MetaMask
348,48,0048_bnb_bsc,,bnb,0x3D55eE422B73460e71999aF524Ffe94a5dD46934,bsc,,MetaMask
349,49,0049_bnb_bsc,,bnb,0x8A1F2c8a76F6f4837B5A1485e1fd6C09F0c44aA8,bsc,,MetaMask
350,50,0050_bnb_bsc,,bnb,0x43bE0e2713D6A2525ebF9a4Eb429af9A0f2a77D7,bsc,,MetaMask
351,51,0051_bnb_bsc,,bnb,0xf4fe3515ABAD4b400f2135640dC31B5feA777978,bsc,,MetaMask
352,52,0052_bnb_bsc,,bnb,0xc2c2109DB2B535E2adf62028FBAD740515DCD2EE,bsc,,MetaMask
353,53,0053_bnb_bsc,,bnb,0xD5310C8e1aCce0daD2A85490ebd4bf06420E3140,bsc,,MetaMask
354,54,0054_bnb_bsc,,bnb,0x2130560405656CE3baad1FA8056C2554883b7b92,bsc,,MetaMask
355,55,0055_bnb_bsc,,bnb,0xEA37704Be7bC4575B111BD92796Fe02C2088D5EB,bsc,,MetaMask
356,56,0056_bnb_bsc,,bnb,0xd2370390764839008021E95C70C80769AcfFF4A9,bsc,,MetaMask
357,57,0057_bnb_bsc,,bnb,0x2d5997Cd1f7Dab6cD9a3b6246Daa55D544a0Fcd6,bsc,,MetaMask
358,58,0058_bnb_bsc,,bnb,0x373a7Cdc04ca76Fc681De9365dD802A24BE725ab,bsc,,MetaMask
359,59,0059_bnb_bsc,,bnb,0x5C7F4b0dF3c2eBC9293ADD99E8598A8Aa173B168,bsc,,MetaMask
360,60,0060_bnb_bsc,,bnb,0x30bD92f4B8902a0Bf36B477430442504365E3f77,bsc,,MetaMask
361,61,0061_bnb_bsc,,bnb,0xC0497A20Dde150c20922231bB6bcB56cc41B7C62,bsc,,MetaMask
362,62,0062_bnb_bsc,,bnb,0x524B9Cd256668f02aC246F62Dc1E9143159D0b85,bsc,,MetaMask
363,63,0063_bnb_bsc,,bnb,0xE45d66c5900bcd5059666DA0CE1F977faaFb69d5,bsc,,MetaMask
364,64,0064_bnb_bsc,,bnb,0x8291f302189283B0C0E4c78B340070a8d748DdD9,bsc,,MetaMask
365,65,0065_bnb_bsc,,bnb,0xBaDDBaED3b19F6ca4778bE9580b8d12c1FCf25Ea,bsc,,MetaMask
366,66,0066_bnb_bsc,,bnb,0xD5D84B783286225083200c0FD2e819e0d600e2F7,bsc,,MetaMask
367,67,0067_bnb_bsc,,bnb,0xb485a94D6Af76898707B3aa7805c189C7825Ed49,bsc,,MetaMask
368,68,0068_bnb_bsc,,bnb,0x0DE0b32e0a731A04B369A472b21313e05F5CD50B,bsc,,MetaMask
369,69,0069_bnb_bsc,,bnb,0x8811bc7f71b08624f2f9F49A4De9bb55BBb08b7A,bsc,,MetaMask
370,70,0070_bnb_bsc,,bnb,0x7F642c381294ba786dd2fF22cdC64314eB5A7e5F,bsc,,MetaMask
371,71,0071_bnb_bsc,,bnb,0x489Eb2CD8495Ca4588EADd5fE485F96Ed20dba40,bsc,,MetaMask
372,72,0072_bnb_bsc,,bnb,0x82b4cED262f5C554429D33821B494E9db3620361,bsc,,MetaMask
373,73,0073_bnb_bsc,,bnb,0x8872D0aC7948A389b8900d84ce527A865678ed8c,bsc,,MetaMask
374,74,0074_bnb_bsc,,bnb,0x1216620d91BA5341c6F7A20e62F9a690606c49AA,bsc,,MetaMask
375,75,0075_bnb_bsc,,bnb,0xB6161D0a9c4acc1b4b5f3e633377188ac2D4715B,bsc,,MetaMask
376,76,0076_bnb_bsc,,bnb,0x614F7041f87ed7c1c9d8893Fa9f0169d32e5cbD2,bsc,,MetaMask
377,77,0077_bnb_bsc,,bnb,0xA25f9F214Ce7606FfdcC6874de2cc57daFB917Ac,bsc,,MetaMask
378,78,0078_bnb_bsc,,bnb,0xFbf466b4e11a272f7E78BfC41Ee603B7ed3A7627,bsc,,MetaMask
379,79,0079_bnb_bsc,,bnb,0x0D5621C55572F5db847d529BdFab1887FAcEc138,bsc,,MetaMask
380,80,0080_bnb_bsc,,bnb,0xF0A49c0898551F3B493ca5A2adFe3EE6C6ad5DC3,bsc,,MetaMask
381,81,0081_bnb_bsc,,bnb,0xbBC5c5B8ed370e280702EB641567E5E59525618C,bsc,,MetaMask
382,82,0082_bnb_bsc,,bnb,0xD073C173B36e1cEAFf2CfEf3656238e200f468d9,bsc,,MetaMask
383,83,0083_bnb_bsc,,bnb,0x302bB50e2E70c42045816F97928F84412d51Bd78,bsc,,MetaMask
384,84,0084_bnb_bsc,,bnb,0xd87ed41e20944FbF043e59f3D444a326698d08B9,bsc,,MetaMask
385,85,0085_bnb_bsc,,bnb,0x3D8E17f7D0aACDe44dB79bb611f1a237549c5514,bsc,,MetaMask
386,86,0086_bnb_bsc,,bnb,0xDE7275731fB9cCdd0FEC699428Eaaa912A0bB64b,bsc,,MetaMask
387,87,0087_bnb_bsc,,bnb,0x0B5b17E7D78C64B20E5e22a2740Ee93d6A5081BA,bsc,,MetaMask
388,88,0088_bnb_bsc,,bnb,0x7A2ec24A1768d8379Dfe7Bcf3082aF94B9e9C917,bsc,,MetaMask
389,89,0089_bnb_bsc,,bnb,0x13d828FE96C81B6A14a5D42827064E51AFe7437D,bsc,,MetaMask
390,90,0090_bnb_bsc,,bnb,0x3A27baEBDC966f6b683e1a6f53d155278b8cBEA2,bsc,,MetaMask
391,91,0091_bnb_bsc,,bnb,0x374A1Bf5F4A49E4561ebC4bB6a93192aec4776BD,bsc,,MetaMask
392,92,0092_bnb_bsc,,bnb,0xDE58FD6B98FdAfC97d4b33E19026ddD380919941,bsc,,MetaMask
393,93,0093_bnb_bsc,,bnb,0x578E5cF9C646D62e84926479Cfb30051054Ed1ba,bsc,,MetaMask
394,94,0094_bnb_bsc,,bnb,0x5FfD3453259477B3404881bc3A818f03108aD8f8,bsc,,MetaMask
395,95,0095_bnb_bsc,,bnb,0x97D8210256568C14070413Cff132696Af9a14c42,bsc,,MetaMask
396,96,0096_bnb_bsc,,bnb,0xD7cA92a00aF69A545BFe42E0f894fDb2Cf566e6F,bsc,,MetaMask
397,97,0097_bnb_bsc,,bnb,0x2656660bBa12bbfe9Fc6cfF931dCe30E187A3Cd0,bsc,,MetaMask
398,98,0098_bnb_bsc,,bnb,0x99AeE650a7Eb667B23E373aFE1C4c62C66A5C223,bsc,,MetaMask
399,99,0099_bnb_bsc,,bnb,0xC591B00878Dc02D32Babe43B594fb76F87C80C4B,bsc,,MetaMask
400,100,0100_bnb_bsc,,bnb,0x326CEeD683e43Cc24E62057D8449c320C48de552,bsc,,MetaMask
